{"i_f_zero":60.0,"t_c_zero":0.0,"a_l_f":1.0,"a_i_f":1.0,"mu_c":0.000925925925925926,"k_f":0.07142857142857142,"beta_c":0.01,"i_c_h_zero":20.0,"s_c_zero":990.0,"theta":0.3,"k_c":0.02857142857142857,"a_i_c_h":1.0,"beta_c_tilde":0.01,"mu_f":0.022222222222222223,"lambda_f":5000.0,"b_f":1.0,"l_c_zero":2.0,"i_c_l_zero":8.0,"a_l_c":1.0,"beta_f_tilde":0.01,"rho":0.025,"s_f_zero":22400.0,"lambda_c":0.9259259259259259,"b_c_l":1.0,"a_i_c_l":1.0,"beta_f":0.01,"l_f_zero":40.0,"b_c_h":1.0,"n_c_inf":1000.0}