{"mu_c":0.000925925925925926,"lambda_c":0.9259259259259259,"k_c":0.02857142857142857,"n_c":1000.0,"beta_c":0.001,"beta_f":0.001,"lambda_f":500.0,"k_f":0.07142857142857142,"mu_f":0.022222222222222223}