{"mu_c":0.000925925925925926,"beta_c":0.001,"k_f":0.07142857142857142,"delta":0.001,"k_c":0.02857142857142857,"n_c":1000.0,"mu_f":0.022222222222222223,"lambda_f":500.0,"rho":0.025,"lambda_c":0.9259259259259259,"beta_f":0.001}